INSERT INTO roles(nombre) VALUES
('Administrador'), ('Empleado'), ('Cliente'), ('Supervisor'),
('Auditor'), ('Cajero'), ('Seguridad'), ('Gerente'),
('Técnico'), ('Soporte'), ('Mantenimiento'), ('Recepcionista'),
('DevOps'), ('DBA'), ('Auxiliar'), ('Logística'),
('Analista'), ('Director'), ('Supervisor Nocturno'), ('Operador');

INSERT INTO usuarios(nombre, correo, password, rol_id, activo) VALUES
('Carlos Pérez','carlos@gmail.com','123',1,1),
('Ana López','ana@gmail.com','123',2,1),
('Mario Ruiz','mario@gmail.com','123',3,1),
('Juan Torres','juan@gmail.com','123',4,1),
('Luisa Fernanda','luisa@gmail.com','123',5,1),
('Camilo Silva','camilo@gmail.com','123',6,1),
('Fernando Prieto','fernando@gmail.com','123',7,1),
('Sofia Reyes','sofia@gmail.com','123',8,1),
('Andrea Medina','andrea@gmail.com','123',9,1),
('Jorge Soto','jorge@gmail.com','123',10,1),
('Diego Martínez','diego@gmail.com','123',11,1),
('Lina Ortiz','lina@gmail.com','123',12,1),
('Diana Mesa','diana@gmail.com','123',13,1),
('Andrés Quintero','andres@gmail.com','123',14,1),
('Valeria Niño','valeria@gmail.com','123',15,1),
('Ernesto Rios','ernesto@gmail.com','123',16,1),
('Juliana González','juliana@gmail.com','123',17,1),
('Pedro Castro','pedro@gmail.com','123',18,1),
('Sara Luján','sara@gmail.com','123',19,1),
('Héctor Guzmán','hector@gmail.com','123',20,1);

INSERT INTO clientes(nombre, telefono, correo) VALUES
('Laura Ríos','3001111111','laura@gmail.com'),
('José Martínez','3001111112','jose@gmail.com'),
('Carolina Díaz','3001111113','carolina@gmail.com'),
('Miguel Torres','3001111114','miguel@gmail.com'),
('Tatiana Pérez','3001111115','tatiana@gmail.com'),
('Daniel Duarte','3001111116','daniel@gmail.com'),
('Santiago Niño','3001111117','santi@gmail.com'),
('Brenda Suarez','3001111118','brenda@gmail.com'),
('Manuela Ochoa','3001111119','manuela@gmail.com'),
('Kevin Arias','3001111120','kevin@gmail.com'),
('Rosa Martínez','3001111121','rosa@gmail.com'),
('Victor Mora','3001111122','victor@gmail.com'),
('Edna López','3001111123','edna@gmail.com'),
('Isabella Parra','3001111124','isabella@gmail.com'),
('Camilo Ruiz','3001111125','camruiz@gmail.com'),
('Fabián Sierra','3001111126','fabsierra@gmail.com'),
('Paola Herrera','3001111127','paola@gmail.com'),
('Ricardo Cuervo','3001111128','ricardo@gmail.com'),
('Javier Barrios','3001111129','javier@gmail.com'),
('Natalia Torres','3001111130','natalia@gmail.com');

INSERT INTO vehiculos(cliente_id, placa, tipo) VALUES
(1,'ABC123','Carro'),
(2,'BCD234','Moto'),
(3,'CDE345','Carro'),
(4,'DEF456','Bicicleta'),
(5,'EFG567','Carro'),
(6,'FGH678','Moto'),
(7,'GHI789','Carro'),
(8,'HIJ890','Carro'),
(9,'IJK901','Moto'),
(10,'JKL012','Carro'),
(11,'KLM123','Moto'),
(12,'LMN234','Carro'),
(13,'MNO345','Carro'),
(14,'NOP456','Moto'),
(15,'OPQ567','Carro'),
(16,'PQR678','Carro'),
(17,'QRS789','Moto'),
(18,'RST890','Carro'),
(19,'STU901','Carro'),
(20,'TUV012','Moto');

INSERT INTO reservas(vehiculo_id, fecha_entrada, fecha_salida, estado) VALUES
(1,NOW(),NULL,'Activa'),
(2,NOW(),NULL,'Activa'),
(3,NOW(),NULL,'Activa'),
(4,NOW(),NULL,'Activa'),
(5,NOW(),NULL,'Activa'),
(6,NOW(),NULL,'Activa'),
(7,NOW(),NULL,'Activa'),
(8,NOW(),NULL,'Activa'),
(9,NOW(),NULL,'Activa'),
(10,NOW(),NULL,'Activa'),
(11,NOW(),NULL,'Activa'),
(12,NOW(),NULL,'Activa'),
(13,NOW(),NULL,'Activa'),
(14,NOW(),NULL,'Activa'),
(15,NOW(),NULL,'Activa'),
(16,NOW(),NULL,'Activa'),
(17,NOW(),NULL,'Activa'),
(18,NOW(),NULL,'Activa'),
(19,NOW(),NULL,'Activa'),
(20,NOW(),NULL,'Activa');

INSERT INTO tarifas(tipo_vehiculo, precio_hora) VALUES
('Carro',5000),
('Moto',2000),
('Bicicleta',500),
('Carro SUV',6000),
('Carro Lujo',8000),
('Moto Alta',3500),
('Carro Compacto',4500),
('Carro Eléctrico',3000),
('Moto Eléctrica',1500),
('Carro Pickup',7000),
('Camioneta',9000),
('Camión',12000),
('Cuatrimoto',2500),
('Patineta',300),
('Scooter',400),
('Carro Clásico',7500),
('Tractomula',15000),
('Microbús',10000),
('Bus',14000),
('Grúa',11000);


INSERT INTO facturacion(reserva_id, total, fecha_pago, metodo_pago) VALUES
(1,5000,NOW(),'Efectivo'),
(2,2000,NOW(),'Tarjeta'),
(3,7000,NOW(),'Efectivo'),
(4,500,NOW(),'Nequi'),
(5,6000,NOW(),'Efectivo'),
(6,3500,NOW(),'Tarjeta'),
(7,4500,NOW(),'Efectivo'),
(8,3000,NOW(),'Efectivo'),
(9,1500,NOW(),'Daviplata'),
(10,7000,NOW(),'Tarjeta'),
(11,2000,NOW(),'Nequi'),
(12,5000,NOW(),'Efectivo'),
(13,8000,NOW(),'Tarjeta'),
(14,2500,NOW(),'Efectivo'),
(15,9000,NOW(),'Efectivo'),
(16,10000,NOW(),'Nequi'),
(17,12000,NOW(),'Tarjeta'),
(18,3000,NOW(),'Daviplata'),
(19,15000,NOW(),'Efectivo'),
(20,14000,NOW(),'Tarjeta');

INSERT INTO empleados(nombre, cargo, salario) VALUES
('José Silva','Cajero',1400000),
('Ana Gómez','Vigilante',1300000),
('Luis Pardo','Administrador',3000000),
('Sandra Mora','Auxiliar',1200000),
('Carlos Díaz','Operador',1500000),
('Rita López','Recepcionista',1400000),
('Fernando Ortiz','Supervisor',2000000),
('Camila Ríos','Aseo',1100000),
('Mateo Ruiz','Técnico',1800000),
('Julieta Díaz','Cajera',1350000),
('Simón Arboleda','Seguridad',1300000),
('María Páez','Contadora',2800000),
('Jorge Ramos','Gerente',6000000),
('Nicolás Álvarez','Soporte',2500000),
('Tomás Vera','DBA',4500000),
('Patricia León','Directora',5500000),
('Román Niño','Logística',1600000),
('Valentina Silva','Auxiliar',1250000),
('Diego Parra','Supervisor Nocturno',2200000),
('Diana Cepeda','Operadora',1500000);


INSERT INTO parqueaderos(nombre, direccion, capacidad) VALUES
('UrbanPark Centro','Cra 10 #20-30',50),
('UrbanPark Norte','Av 19 #120-10',80),
('UrbanPark Sur','Cll 50 #52-11',60),
('UrbanPark Occidente','Cll 68 #70-20',70),
('UrbanPark Cedritos','Cra 15 #142-55',90),
('UrbanPark Tintal','Cll 6 #86-15',40),
('UrbanPark Suba','Cra 91 #147-20',100),
('UrbanPark Bosa','Cll 57 #95-50',30),
('UrbanPark Engativá','Cra 112 #64-90',55),
('UrbanPark Kennedy','Cll 40 #78-99',45),
('UrbanPark SantaFe','Cra 12 #28-40',65),
('UrbanPark Restrepo','Cll 20 #18-20',35),
('UrbanPark Salitre','Cra 60 #26-85',85),
('UrbanPark Fontibón','Cra 99 #17-33',50),
('UrbanPark Usaquén','Cll 116 #23-40',95),
('UrbanPark Modelia','Cll 24 #75-54',50),
('UrbanPark Portal 80','Cra 100 #80-20',120),
('UrbanPark Tunal','Cll 48 #24-10',40),
('UrbanPark Venecia','Cll 47 #52-12',30),
('UrbanPark Madelena','Cra 71 #68-22',45);

INSERT INTO auditoria_reservas(reserva_id, accion) VALUES
(1,'Creación'),
(2,'Creación'),
(3,'Creación'),
(4,'Creación'),
(5,'Creación'),
(6,'Creación'),
(7,'Creación'),
(8,'Creación'),
(9,'Creación'),
(10,'Creación'),
(11,'Creación'),
(12,'Creación'),
(13,'Creación'),
(14,'Creación'),
(15,'Creación'),
(16,'Creación'),
(17,'Creación'),
(18,'Creación'),
(19,'Creación'),
(20,'Creación');


